<?xml version="1.0" encoding="UTF-8"?>
<project-private xmlns="http://www.netbeans.org/ns/project-private/1">
    <editor-bookmarks xmlns="http://www.netbeans.org/ns/editor-bookmarks/2" lastBookmarkId="0"/>
    <open-files xmlns="http://www.netbeans.org/ns/projectui-open-files/2">
        <group>
            <file>file:/D:/Disciplinas/Projeto%20final%20pbl/PBLE02.X/serial.c</file>
            <file>file:/D:/Disciplinas/Projeto%20final%20pbl/PBLE02.X/stateMachine.c</file>
            <file>file:/D:/Disciplinas/Projeto%20final%20pbl/PBLE02.X/event.h</file>
            <file>file:/D:/Disciplinas/Projeto%20final%20pbl/PBLE02.X/var.h</file>
            <file>file:/D:/Disciplinas/Projeto%20final%20pbl/PBLE02.X/output.c</file>
        </group>
    </open-files>
</project-private>
